"State_Year","State","SourceYear","Hydrogencarbonate","Alkalinity_Total","SDP","Gini_Coefficient","win_margin","literacy_rate","gii_rate","ENPP","gini_state"
"Andaman And Nicobar Islands_2000","Andaman And Nicobar Islands",2000,NA,NA,838,0.315,NA,81.3,0.752,NA,NA
"Andaman And Nicobar Islands_2001","Andaman And Nicobar Islands",2001,NA,NA,857,0.315,NA,81.3,0.752,NA,NA
"Andaman And Nicobar Islands_2002","Andaman And Nicobar Islands",2002,NA,NA,948,0.315,NA,81.3,0.752,NA,NA
"Andaman And Nicobar Islands_2003","Andaman And Nicobar Islands",2003,NA,NA,1048,0.315,NA,81.3,0.752,NA,NA
"Andaman And Nicobar Islands_2004","Andaman And Nicobar Islands",2004,232.433257918552,NA,1633,0.315,NA,81.3,0.752,NA,NA
"Andaman And Nicobar Islands_2005","Andaman And Nicobar Islands",2005,202.589285714285,NA,1720,0.315,NA,81.3,0.752,NA,NA
"Andaman And Nicobar Islands_2006","Andaman And Nicobar Islands",2006,NA,NA,2029,0.315,NA,81.3,0.752,NA,NA
"Andaman And Nicobar Islands_2007","Andaman And Nicobar Islands",2007,250.872596153846,NA,2238,0.315,NA,81.3,0.752,NA,NA
"Andaman And Nicobar Islands_2008","Andaman And Nicobar Islands",2008,NA,NA,2579,0.315,NA,81.3,0.752,NA,NA
"Andaman And Nicobar Islands_2009","Andaman And Nicobar Islands",2009,149.511764705882,NA,2911,0.315,NA,81.3,0.752,NA,NA
"Andaman And Nicobar Islands_2010","Andaman And Nicobar Islands",2010,260.428571428571,NA,3164,0.315,NA,81.3,0.752,NA,NA
"Andaman And Nicobar Islands_2011","Andaman And Nicobar Islands",2011,274.393939393939,NA,3404,0.315,NA,86.63,0.752,NA,NA
"Andaman And Nicobar Islands_2012","Andaman And Nicobar Islands",2012,209.4,NA,3558,0.315,NA,86.63,0.704,NA,NA
"Andaman And Nicobar Islands_2013","Andaman And Nicobar Islands",2013,206.305084745763,NA,3811,0.315,NA,86.63,0.704,NA,NA
"Andaman And Nicobar Islands_2014","Andaman And Nicobar Islands",2014,NA,NA,4151,0.315,NA,86.63,0.704,NA,NA
"Andaman And Nicobar Islands_2015","Andaman And Nicobar Islands",2015,NA,NA,4483,0.315,NA,86.63,0.704,NA,NA
"Andaman And Nicobar Islands_2016","Andaman And Nicobar Islands",2016,206.534867302956,NA,5091,0.315,NA,86.63,0.704,NA,NA
"Andaman And Nicobar Islands_2017","Andaman And Nicobar Islands",2017,NA,NA,5750,0.315,NA,86.63,0.704,NA,NA
"Andaman And Nicobar Islands_2018","Andaman And Nicobar Islands",2018,195.648390374331,162.138770053476,6108,0.315,NA,86.63,0.704,NA,NA
"Andhra Pradesh_2000","Andhra Pradesh",2000,275.110562697897,NA,126035,0.297692307692308,30.27,60.47,0.479,2.312730775,0.394
"Andhra Pradesh_2001","Andhra Pradesh",2001,414.366666666667,NA,131750,0.297692307692308,30.27,60.47,0.479,2.312730775,0.394
"Andhra Pradesh_2002","Andhra Pradesh",2002,NA,NA,134749,0.297692307692308,30.27,60.47,0.479,2.312730775,0.394
"Andhra Pradesh_2003","Andhra Pradesh",2003,138.95,254.602,147950,0.297692307692308,30.27,60.47,0.479,2.312730775,0.394
"Andhra Pradesh_2004","Andhra Pradesh",2004,288.285779414988,255.390851852145,121388,0.297692307692308,46.93,60.47,0.479,2.312730775,0.394
"Andhra Pradesh_2005","Andhra Pradesh",2005,399.565143308785,329.398686885578,128150,0.297692307692308,46.93,60.47,0.479,2.59536392,0.394
"Andhra Pradesh_2006","Andhra Pradesh",2006,303.662974526353,263.523791071727,141610,0.297692307692308,46.93,60.47,0.479,2.59536392,0.394
"Andhra Pradesh_2007","Andhra Pradesh",2007,352.110435222005,293.516575644784,159270,0.297692307692308,46.93,60.47,0.479,2.59536392,0.394
"Andhra Pradesh_2008","Andhra Pradesh",2008,360.043686887217,300.329347359289,163341,0.297692307692308,46.93,60.47,0.479,2.59536392,0.394
"Andhra Pradesh_2009","Andhra Pradesh",2009,323.325094930911,275.33117702271,174401,0.297692307692308,21.76,60.47,0.479,2.59536392,0.394
"Andhra Pradesh_2010","Andhra Pradesh",2010,389.740338626062,324.850654305713,186041,0.297692307692308,21.76,60.47,0.479,2.05385286,0.394
"Andhra Pradesh_2011","Andhra Pradesh",2011,406.638567715837,336.545284605787,339996,0.297692307692308,21.76,67.02,0.479,2.05385286,0.394
"Andhra Pradesh_2012","Andhra Pradesh",2012,NA,NA,341335,0.297692307692308,21.76,67.02,0.361,2.05385286,0.394
"Andhra Pradesh_2013","Andhra Pradesh",2013,317.093817412183,272.786379006779,360239,0.297692307692308,21.76,67.02,0.361,2.05385286,0.394
"Andhra Pradesh_2014","Andhra Pradesh",2014,336.076981833122,286.982660203431,397064,0.297692307692308,15.98,67.02,0.361,2.05385286,0.394
"Andhra Pradesh_2015","Andhra Pradesh",2015,441.373481894199,363.676998034116,446997,0.297692307692308,15.98,67.02,0.361,1.312631263,0.27
"Andhra Pradesh_2016","Andhra Pradesh",2016,406.167481970689,NA,477566,0.297692307692308,15.98,67.02,0.361,1.312631263,0.27
"Andhra Pradesh_2017","Andhra Pradesh",2017,444.678031109603,366.688450263103,526626,0.297692307692308,15.98,67.02,0.361,1.312631263,0.27
"Andhra Pradesh_2018","Andhra Pradesh",2018,444.109744110057,364.820004319683,558862,0.297692307692308,15.98,67.02,0.361,1.312631263,0.27
"Arunachal Pradesh_2000","Arunachal Pradesh",2000,NA,NA,1607,0.29,81.67,54.34,0.774,2.545968883,0.426
"Arunachal Pradesh_2001","Arunachal Pradesh",2001,NA,NA,1864,0.29,81.67,54.34,0.774,2.545968883,0.426
"Arunachal Pradesh_2002","Arunachal Pradesh",2002,NA,NA,1775,0.29,81.67,54.34,0.774,2.545968883,0.426
"Arunachal Pradesh_2003","Arunachal Pradesh",2003,NA,NA,1968,0.29,81.67,54.34,0.774,2.545968883,0.426
"Arunachal Pradesh_2004","Arunachal Pradesh",2004,NA,NA,3188,0.29,41.67,54.34,0.774,2.545968883,0.426
"Arunachal Pradesh_2005","Arunachal Pradesh",2005,60.7083333333333,NA,3281,0.29,41.67,54.34,0.774,1.956521739,0.426
"Arunachal Pradesh_2006","Arunachal Pradesh",2006,88,95.1,3458,0.29,41.67,54.34,0.774,1.956521739,0.426
"Arunachal Pradesh_2007","Arunachal Pradesh",2007,56.0416666666667,NA,3873,0.29,41.67,54.34,0.774,1.956521739,0.426
"Arunachal Pradesh_2008","Arunachal Pradesh",2008,49.435,NA,4191,0.29,41.67,54.34,0.774,1.956521739,0.426
"Arunachal Pradesh_2009","Arunachal Pradesh",2009,124.9275,107.12,4539,0.29,61.67,54.34,0.774,1.956521739,0.426
"Arunachal Pradesh_2010","Arunachal Pradesh",2010,66.7291666666667,NA,4735,0.29,61.67,54.34,0.774,1.880877743,0.426
"Arunachal Pradesh_2011","Arunachal Pradesh",2011,NA,NA,10229,0.29,61.67,65.39,0.774,1.880877743,0.426
"Arunachal Pradesh_2012","Arunachal Pradesh",2012,NA,NA,10399,0.29,61.67,65.39,0.789,1.880877743,0.426
"Arunachal Pradesh_2013","Arunachal Pradesh",2013,69.7833333333333,69.715,11226,0.29,61.67,65.39,0.789,1.880877743,0.426
"Arunachal Pradesh_2014","Arunachal Pradesh",2014,66,85.2066666666666,13082,0.29,51.67,65.39,0.789,1.880877743,0.426
"Arunachal Pradesh_2015","Arunachal Pradesh",2015,47.4666666666667,50.464,12889,0.29,51.67,65.39,0.789,2.027027027,0.306
"Arunachal Pradesh_2016","Arunachal Pradesh",2016,44.9583333333333,44.9583333333333,13396,0.29,51.67,65.39,0.789,2.027027027,0.306
"Arunachal Pradesh_2017","Arunachal Pradesh",2017,60.8333333333333,65.8333333333333,13923,0.29,51.67,65.39,0.789,2.027027027,0.306
"Arunachal Pradesh_2018","Arunachal Pradesh",2018,53.2926,54.7106,14897,0.29,51.67,65.39,0.789,2.027027027,0.306
"Assam_2000","Assam",2000,40,NA,32821,0.2264,20.49,63.25,0.628,2.699081945,0.413
"Assam_2001","Assam",2001,NA,NA,33668,0.2264,40.47,63.25,0.628,2.699081945,0.413
"Assam_2002","Assam",2002,NA,NA,35708,0.2264,40.47,63.25,0.628,3.893084846,0.413
"Assam_2003","Assam",2003,NA,NA,37905,0.2264,40.47,63.25,0.628,3.893084846,0.413
"Assam_2004","Assam",2004,NA,NA,47181,0.2264,40.47,63.25,0.628,3.893084846,0.413
"Assam_2005","Assam",2005,133.983158970659,127.247222222222,48602,0.2264,40.47,63.25,0.628,3.893084846,0.413
"Assam_2006","Assam",2006,148.321080611308,81.375,50797,0.2264,23.01,63.25,0.628,3.893084846,0.413
"Assam_2007","Assam",2007,132.520732623858,72.2,52968,0.2264,23.01,63.25,0.628,2.375935349,0.413
"Assam_2008","Assam",2008,152.141308937292,105.25,56123,0.2264,23.01,63.25,0.628,2.375935349,0.413
"Assam_2009","Assam",2009,111.564966895849,97.2728351946839,61294,0.2264,23.01,63.25,0.628,2.375935349,0.413
"Assam_2010","Assam",2010,105.958597883598,NA,64310,0.2264,23.01,63.25,0.628,2.375935349,0.413
"Assam_2011","Assam",2011,148.771469298246,NA,129354,0.2264,47.61,72.19,0.628,2.375935349,0.413
"Assam_2012","Assam",2012,143.357443181818,135.759087301587,132518,0.2264,47.61,72.19,0.598,3.317175094,0.413
"Assam_2013","Assam",2013,101.392255892256,103.878930976431,138725,0.2264,47.61,72.19,0.598,3.317175094,0.413
"Assam_2014","Assam",2014,83.117446279211,122.734095474787,146425,0.2264,47.61,72.19,0.598,3.317175094,0.413
"Assam_2015","Assam",2015,85.8241377488517,106.839419499837,167629,0.2264,47.61,72.19,0.598,3.317175094,0.289
"Assam_2016","Assam",2016,97.5261679966484,113.800554619392,179632,0.2264,26.98,72.19,0.598,3.317175094,0.289
"Assam_2017","Assam",2017,131.760101010101,148.405677655678,195262,0.2264,26.98,72.19,0.598,3.285596026,0.289
"Assam_2018","Assam",2018,113.698369042486,120.89788715415,204627,0.2264,26.98,72.19,0.598,3.285596026,0.289
"Bihar_2000","Bihar",2000,249.513333333333,NA,53656,0.223513513513514,17.59,47,0.698,4.637978263,0.446
"Bihar_2001","Bihar",2001,320.697619047619,NA,50579,0.223513513513514,17.59,47,0.698,5.208520773,0.446
"Bihar_2002","Bihar",2002,NA,NA,56975,0.223513513513514,17.59,47,0.698,5.208520773,0.446
"Bihar_2003","Bihar",2003,NA,NA,53301,0.223513513513514,17.59,47,0.698,5.208520773,0.446
"Bihar_2004","Bihar",2004,346.761904761905,NA,70167,0.223513513513514,17.59,47,0.698,5.208520773,0.446
"Bihar_2005","Bihar",2005,252.094567901235,NA,68419,0.223513513513514,13.58,47,0.698,5.208520773,0.446
"Bihar_2006","Bihar",2006,289.850952380952,NA,80260,0.223513513513514,13.58,47,0.698,2.677594885,0.446
"Bihar_2007","Bihar",2007,250.808705357143,239.337124255952,84415,0.223513513513514,13.58,47,0.698,2.677594885,0.446
"Bihar_2008","Bihar",2008,263.243381696429,NA,97284,0.223513513513514,13.58,47,0.698,2.677594885,0.446
"Bihar_2009","Bihar",2009,248.866854256854,NA,101938,0.223513513513514,13.58,47,0.698,2.677594885,0.446
"Bihar_2010","Bihar",2010,358.323553507424,NA,117503,0.223513513513514,9.87,47,0.698,2.677594885,0.446
"Bihar_2011","Bihar",2011,340.590439335439,NA,228497,0.223513513513514,9.87,61.8,0.698,3.933191234,0.446
"Bihar_2012","Bihar",2012,270.403526014109,NA,236933,0.223513513513514,9.87,61.8,0.682,3.933191234,0.446
"Bihar_2013","Bihar",2013,276.432142285642,NA,246915,0.223513513513514,9.87,61.8,0.682,3.933191234,0.446
"Bihar_2014","Bihar",2014,NA,NA,255739,0.223513513513514,9.87,61.8,0.682,3.933191234,0.446
"Bihar_2015","Bihar",2015,NA,NA,269200,0.223513513513514,3.7,61.8,0.682,3.933191234,0.401
"Bihar_2016","Bihar",2016,273.843818618461,0,289265,0.223513513513514,3.7,61.8,0.682,4.366560674,0.401
"Bihar_2017","Bihar",2017,79.5,95,312605,0.223513513513514,3.7,61.8,0.682,4.366560674,0.401
"Bihar_2018","Bihar",2018,48.8,40,345545,0.223513513513514,3.7,61.8,0.682,4.366560674,0.401
"Chandigarh_2000","Chandigarh",2000,164,134.4,4274,0.39,NA,81.94,0.733,NA,NA
"Chandigarh_2001","Chandigarh",2001,NA,NA,4649,0.39,NA,81.94,0.733,NA,NA
"Chandigarh_2002","Chandigarh",2002,NA,NA,5235,0.39,NA,81.94,0.733,NA,NA
"Chandigarh_2003","Chandigarh",2003,NA,NA,5804,0.39,NA,81.94,0.733,NA,NA
"Chandigarh_2004","Chandigarh",2004,408,334.4,7610,0.39,NA,81.94,0.733,NA,NA
"Chandigarh_2005","Chandigarh",2005,408,334.4,8442,0.39,NA,81.94,0.733,NA,NA
"Chandigarh_2006","Chandigarh",2006,607,497.5,9690,0.39,NA,81.94,0.733,NA,NA
"Chandigarh_2007","Chandigarh",2007,279.333333333333,228.933333333333,10405,0.39,NA,81.94,0.733,NA,NA
"Chandigarh_2008","Chandigarh",2008,NA,NA,11187,0.39,NA,81.94,0.733,NA,NA
"Chandigarh_2009","Chandigarh",2009,290,237.7,11767,0.39,NA,81.94,0.733,NA,NA
"Chandigarh_2010","Chandigarh",2010,184.666666666667,151.366666666667,11765,0.39,NA,81.94,0.733,NA,NA
"Chandigarh_2011","Chandigarh",2011,NA,NA,16930,0.39,NA,86.05,0.733,NA,NA
"Chandigarh_2012","Chandigarh",2012,166.666666666667,136.633333333333,18305,0.39,NA,86.05,0.413,NA,NA
"Chandigarh_2013","Chandigarh",2013,255.666666666667,216.233333333333,19813,0.39,NA,86.05,0.413,NA,NA
"Chandigarh_2014","Chandigarh",2014,462,378.69,20353,0.39,NA,86.05,0.413,NA,NA
"Chandigarh_2015","Chandigarh",2015,113,130.955,22058,0.39,NA,86.05,0.413,NA,NA
"Chandigarh_2016","Chandigarh",2016,NA,NA,23842,0.39,NA,86.05,0.413,NA,NA
"Chandigarh_2017","Chandigarh",2017,0,475.666666666667,25289,0.39,NA,86.05,0.413,NA,NA
"Chandigarh_2018","Chandigarh",2018,281,0,26654,0.39,NA,86.05,0.413,NA,NA
"Chhattisgarh_2000","Chhattisgarh",2000,NA,NA,22372,0.292666666666667,NA,64.66,0.492,2.090862158,0.46
"Chhattisgarh_2001","Chhattisgarh",2001,134.123040411807,NA,25503,0.292666666666667,NA,64.66,0.492,2.090862158,0.46
"Chhattisgarh_2002","Chhattisgarh",2002,164.536378790826,NA,25072,0.292666666666667,NA,64.66,0.492,2.090862158,0.46
"Chhattisgarh_2003","Chhattisgarh",2003,230.4,NA,29782,0.292666666666667,14.44,64.66,0.492,2.090862158,0.46
"Chhattisgarh_2004","Chhattisgarh",2004,195.585671908604,160.347266521233,41387,0.292666666666667,14.44,64.66,0.492,2.051671733,0.46
"Chhattisgarh_2005","Chhattisgarh",2005,189.301366679016,154.993904172211,42063,0.292666666666667,14.44,64.66,0.492,2.051671733,0.46
"Chhattisgarh_2006","Chhattisgarh",2006,165.060329251439,135.305900493316,50065,0.292666666666667,14.44,64.66,0.492,2.051671733,0.46
"Chhattisgarh_2007","Chhattisgarh",2007,149.422552067026,122.486689186939,54112,0.292666666666667,14.44,64.66,0.492,2.051671733,0.46
"Chhattisgarh_2008","Chhattisgarh",2008,132.867334369228,112.352078262916,57662,0.292666666666667,13.33,64.66,0.492,2.051671733,0.46
"Chhattisgarh_2009","Chhattisgarh",2009,165.868084693085,138.432470862471,59263,0.292666666666667,13.33,64.66,0.492,2.064220183,0.46
"Chhattisgarh_2010","Chhattisgarh",2010,NA,NA,64977,0.292666666666667,13.33,64.66,0.492,2.064220183,0.46
"Chhattisgarh_2011","Chhattisgarh",2011,150.914444444444,125.727878787879,142273,0.292666666666667,13.33,70.28,0.492,2.064220183,0.46
"Chhattisgarh_2012","Chhattisgarh",2012,210.311503935823,172.724437595855,148760,0.292666666666667,13.33,70.28,0.44,2.064220183,0.46
"Chhattisgarh_2013","Chhattisgarh",2013,140.4077389083,117.309488777239,163494,0.292666666666667,11.11,70.28,0.44,2.064220183,0.46
"Chhattisgarh_2014","Chhattisgarh",2014,133.156627751789,109.621261724288,165354,0.292666666666667,11.11,70.28,0.44,1.660516605,0.46
"Chhattisgarh_2015","Chhattisgarh",2015,11.669413457158,117.259102060941,168879,0.292666666666667,11.11,70.28,0.44,1.660516605,0.342
"Chhattisgarh_2016","Chhattisgarh",2016,144.997888423217,123.452994826258,187541,0.292666666666667,11.11,70.28,0.44,1.660516605,0.342
"Chhattisgarh_2017","Chhattisgarh",2017,160.952322831417,NA,194073,0.292666666666667,11.11,70.28,0.44,1.660516605,0.342
"Chhattisgarh_2018","Chhattisgarh",2018,172.280818674621,0,209211,0.292666666666667,58.88,70.28,0.44,1.660516605,0.342
"Delhi_2000","Delhi",2000,391.155864197531,320.629166666667,53177,0.3275,52.85,81.67,0.526,1.875957121,0.236
"Delhi_2001","Delhi",2001,369.619047619048,302.97619047619,55222,0.3275,52.85,81.67,0.526,1.875957121,0.236
"Delhi_2002","Delhi",2002,255.941404428904,223.056118881119,59454,0.3275,52.85,81.67,0.526,1.875957121,0.236
"Delhi_2003","Delhi",2003,318.092,260.752,62694,0.3275,38.57,81.67,0.526,1.875957121,0.236
"Delhi_2004","Delhi",2004,343.5,281.566666666667,94717,0.3275,38.57,81.67,0.526,2.055369128,0.236
"Delhi_2005","Delhi",2005,381.326388888889,320.396825396825,104473,0.3275,38.57,81.67,0.526,2.055369128,0.236
"Delhi_2006","Delhi",2006,433.161111111111,355.062301587302,117444,0.3275,38.57,81.67,0.526,2.055369128,0.236
"Delhi_2007","Delhi",2007,224.353174603175,185.851587301587,130683,0.3275,38.57,81.67,0.526,2.055369128,0.236
"Delhi_2008","Delhi",2008,356.777861721612,292.780803571429,146961,0.3275,28.57,81.67,0.526,2.055369128,0.236
"Delhi_2009","Delhi",2009,345.267536231884,283.015884057971,159044,0.3275,28.57,81.67,0.526,2.70419426,0.236
"Delhi_2010","Delhi",2010,300.23725949976,247.815242905243,172235,0.3275,28.57,81.67,0.526,2.70419426,0.236
"Goa_2000","Goa",2000,NA,NA,5287,0.25,27.5,82.01,0.733,2.857142857,0.263
"Goa_2001","Goa",2001,59.675,48.9169642857143,5492,0.25,27.5,82.01,0.733,2.857142857,0.263
"Goa_2002","Goa",2002,NA,NA,5826,0.25,2.5,82.01,0.733,2.857142857,0.263
"Goa_2003","Goa",2003,NA,NA,6225,0.25,2.5,82.01,0.733,3.375527426,0.263
"Goa_2004","Goa",2004,NA,NA,10999,0.25,2.5,82.01,0.733,3.375527426,0.263
"Goa_2005","Goa",2005,238.5,215.5,11916,0.25,2.5,82.01,0.733,3.375527426,0.263
"Goa_2006","Goa",2006,NA,NA,13085,0.25,2.5,82.01,0.733,3.375527426,0.263
"Goa_2007","Goa",2007,45.6538461538461,13.6162878787879,13655,0.25,5,82.01,0.733,3.375527426,0.263
"Goa_2008","Goa",2008,168.271428571428,160.499285714286,14728,0.25,5,82.01,0.733,2.857142857,0.263
"Goa_2009","Goa",2009,NA,NA,16119,0.25,5,82.01,0.733,2.857142857,0.263
"Goa_2010","Goa",2010,NA,NA,19293,0.25,5,82.01,0.733,2.857142857,0.263
"Goa_2011","Goa",2011,67.4714285714285,60.2140271493213,38009,0.25,5,88.7,0.733,2.857142857,0.263
"Goa_2012","Goa",2012,51.9916666666666,54.6433333333333,32453,0.25,30,88.7,0.646,2.857142857,0.263
"Goa_2013","Goa",2013,49.7332251082251,54.7906212664277,27971,0.25,30,88.7,0.646,3.29218107,0.263
"Goa_2014","Goa",2014,46.1294642857143,37.1532207661291,36042,0.25,30,88.7,0.646,3.29218107,0.263
"Goa_2015","Goa",2015,12,NA,41929,0.25,30,88.7,0.646,3.29218107,0.18
"Goa_2016","Goa",2016,NA,NA,46371,0.25,30,88.7,0.646,3.29218107,0.18
"Goa_2017","Goa",2017,43.7267857142857,0,47077,0.25,10,88.7,0.646,3.29218107,0.18
"Goa_2018","Goa",2018,36.16375,0,47425,0.25,10,88.7,0.646,2.962962963,0.18
"Gujarat_2000","Gujarat",2000,375.727767392571,NA,86431,0.264,35.16,69.14,0.468,1.76774469,0.333
"Gujarat_2001","Gujarat",2001,NA,NA,93455,0.264,35.16,69.14,0.468,1.76774469,0.333
"Gujarat_2002","Gujarat",2002,340.318488797489,279.138074372275,101603,0.264,41.75,69.14,0.468,1.76774469,0.333
"Gujarat_2003","Gujarat",2003,NA,NA,118525,0.264,41.75,69.14,0.468,1.927607076,0.333
"Gujarat_2004","Gujarat",2004,352.331449103791,290.469656976611,172265,0.264,41.75,69.14,0.468,1.927607076,0.333
"Gujarat_2005","Gujarat",2005,295.689639377474,258.660712626847,197270,0.264,41.75,69.14,0.468,1.927607076,0.333
"Gujarat_2006","Gujarat",2006,370.046394662214,314.144839266289,213954,0.264,41.75,69.14,0.468,1.927607076,0.333
"Gujarat_2007","Gujarat",2007,376.946999007323,315.505920394308,239253,0.264,31.86,69.14,0.468,1.927607076,0.333
"Gujarat_2008","Gujarat",2008,368.557215003269,305.837424311373,249480,0.264,31.86,69.14,0.468,1.953526775,0.333
"Gujarat_2009","Gujarat",2009,404.885627569861,333.934967289675,284732,0.264,31.86,69.14,0.468,1.953526775,0.333
"Gujarat_2010","Gujarat",2010,433.021387027377,357.30380032186,315892,0.264,31.86,69.14,0.468,1.953526775,0.333
"Gujarat_2011","Gujarat",2011,436.236870595521,360.261851945853,532809,0.264,31.86,78.03,0.468,1.953526775,0.333
"Gujarat_2012","Gujarat",2012,399.906556245202,340.198253124726,596659,0.264,29.67,78.03,0.425,1.953526775,0.333
"Gujarat_2013","Gujarat",2013,425.029985849261,348.657781554769,641489,0.264,29.67,78.03,0.425,2.103912602,0.333
"Gujarat_2014","Gujarat",2014,431.586215509436,354.532955021041,705629,0.264,29.67,78.03,0.425,2.103912602,0.333
"Gujarat_2015","Gujarat",2015,390.352641878364,335.71103211333,774775,0.264,29.67,78.03,0.425,2.103912602,0.269
"Gujarat_2016","Gujarat",2016,409.877669099432,352.531739818399,843930,0.264,29.67,78.03,0.425,2.103912602,0.269
"Gujarat_2017","Gujarat",2017,439.146597320393,367.72003319214,946511,0.264,12.08,78.03,0.425,2.103912602,0.269
"Gujarat_2018","Gujarat",2018,315.564053511848,269.150002186706,1034399,0.264,12.08,78.03,0.425,2.103912602,0.269
"Haryana_2000","Haryana",2000,383.338516307844,290.2,51090,0.311052631578947,28.88,67.91,0.504,2.878464819,0.331
"Haryana_2001","Haryana",2001,378.692307692308,519.8,55036,0.311052631578947,28.88,67.91,0.504,1.732249786,0.331
"Haryana_2002","Haryana",2002,450.406029903819,360.3,58410,0.311052631578947,28.88,67.91,0.504,1.732249786,0.331
"Haryana_2003","Haryana",2003,370,271.3,64156,0.311052631578947,28.88,67.91,0.504,1.732249786,0.331
"Haryana_2004","Haryana",2004,374.127378670523,314.856274119885,86222,0.311052631578947,28.88,67.91,0.504,1.732249786,0.331
"Haryana_2005","Haryana",2005,406.954087140929,347.734206349206,94011,0.311052631578947,64.44,67.91,0.504,3.040540541,0.331
"Haryana_2006","Haryana",2006,371.569792086634,324.898980453319,104700,0.311052631578947,64.44,67.91,0.504,3.040540541,0.331
"Haryana_2007","Haryana",2007,387.629185363909,321.759247299873,112896,0.311052631578947,64.44,67.91,0.504,3.040540541,0.331
"Haryana_2008","Haryana",2008,455.042776174849,379.450263699385,121588,0.311052631578947,64.44,67.91,0.504,3.040540541,0.331
"Haryana_2009","Haryana",2009,392.089853069433,334.674680900399,136780,0.311052631578947,64.44,67.91,0.504,3.040540541,0.331
"Haryana_2010","Haryana",2010,324.682402234204,286.190189123785,146053,0.311052631578947,10,67.91,0.504,2.866242038,0.331
"Haryana_2011","Haryana",2011,622,509.8,271152,0.311052631578947,10,75.55,0.504,2.866242038,0.331
"Haryana_2012","Haryana",2012,291.987992643135,285.19145489808,289756,0.311052631578947,10,75.55,0.462,2.866242038,0.331
"Haryana_2013","Haryana",2013,304.850956421502,280.714966417647,314931,0.311052631578947,10,75.55,0.462,2.866242038,0.331
"Haryana_2014","Haryana",2014,332.174405767588,316.694533016066,333359,0.311052631578947,31.11,75.55,0.462,2.866242038,0.331
"Haryana_2015","Haryana",2015,311.11719411255,307.576859328264,372700,0.311052631578947,31.11,75.55,0.462,2.986725664,0.2
"Haryana_2016","Haryana",2016,311.615718985832,302.453035714286,412055,0.311052631578947,31.11,75.55,0.462,2.986725664,0.2
"Haryana_2017","Haryana",2017,376.057291442481,NA,434407,0.311052631578947,31.11,75.55,0.462,2.986725664,0.2
"Haryana_2018","Haryana",2018,345.735030944492,0,470328,0.311052631578947,31.11,75.55,0.462,2.986725664,0.2
"Himachal Pradesh_2000","Himachal Pradesh",2000,168.101851851852,139.208333333333,13262,0.28125,4.5,76.48,0.296,2.156716418,0.277
"Himachal Pradesh_2001","Himachal Pradesh",2001,217.9,178.6085,13938,0.28125,4.5,76.48,0.296,2.156716418,0.277
"Himachal Pradesh_2002","Himachal Pradesh",2002,185.251282051282,152.231239316239,14617,0.28125,4.5,76.48,0.296,2.156716418,0.277
"Himachal Pradesh_2003","Himachal Pradesh",2003,205.40289034274,168.364125476028,15596,0.28125,39.7,76.48,0.296,2.156716418,0.277
"Himachal Pradesh_2004","Himachal Pradesh",2004,262.617777777778,215.261027777778,21189,0.28125,39.7,76.48,0.296,2.082882883,0.277
"Himachal Pradesh_2005","Himachal Pradesh",2005,221.951345755694,182.366033000816,23009,0.28125,39.7,76.48,0.296,2.082882883,0.277
"Himachal Pradesh_2006","Himachal Pradesh",2006,164.001456386751,142.674866610514,24819,0.28125,39.7,76.48,0.296,2.082882883,0.277
"Himachal Pradesh_2007","Himachal Pradesh",2007,196.365047650762,160.954122742337,26362,0.28125,26.47,76.48,0.296,2.082882883,0.277
"Himachal Pradesh_2008","Himachal Pradesh",2008,242.230326333432,199.654490633935,27649,0.28125,26.47,76.48,0.296,2.314314314,0.277
"Himachal Pradesh_2009","Himachal Pradesh",2009,230.061507936508,188.575246031746,29149,0.28125,26.47,76.48,0.296,2.314314314,0.277
"Himachal Pradesh_2010","Himachal Pradesh",2010,177.823153899241,145.757012249827,31590,0.28125,26.47,76.48,0.296,2.314314314,0.277
"Himachal Pradesh_2011","Himachal Pradesh",2011,189.970169362801,160.937098746867,60536,0.28125,26.47,82.8,0.296,2.314314314,0.277
"Himachal Pradesh_2012","Himachal Pradesh",2012,153.851572447161,126.52470715559,64519,0.28125,14.7,82.8,0.373,2.314314314,0.277
"Himachal Pradesh_2013","Himachal Pradesh",2013,211.832491582492,176.916624579125,69398,0.28125,14.7,82.8,0.373,1.941225861,0.277
"Himachal Pradesh_2014","Himachal Pradesh",2014,169.651301587302,139.078371428571,74553,0.28125,14.7,82.8,0.373,1.941225861,0.277
"Himachal Pradesh_2015","Himachal Pradesh",2015,154.599444444445,131.637740740741,80563,0.28125,14.7,82.8,0.373,1.941225861,0.2
"Himachal Pradesh_2016","Himachal Pradesh",2016,155,NA,88112,0.28125,14.7,82.8,0.373,1.941225861,0.2
"Himachal Pradesh_2017","Himachal Pradesh",2017,345,NA,93525,0.28125,33.82,82.8,0.373,1.941225861,0.2
"Himachal Pradesh_2018","Himachal Pradesh",2018,119.288927218615,0,99218,0.28125,33.82,82.8,0.373,1.941225861,0.2
"Jammu And Kashmir_2000","Jammu And Kashmir",2000,205.47118691242,NA,13917,0.231111111111111,56.32,55.52,0.697,4.635027557,0.322
"Jammu And Kashmir_2001","Jammu And Kashmir",2001,263.469886363636,NA,14185,0.231111111111111,56.32,55.52,0.697,4.635027557,0.322
"Jammu And Kashmir_2002","Jammu And Kashmir",2002,272.244988738739,NA,14907,0.231111111111111,9.19,55.52,0.697,4.635027557,0.322
"Jammu And Kashmir_2003","Jammu And Kashmir",2003,280.430224586288,NA,15673,0.231111111111111,9.19,55.52,0.697,4.551413109,0.322
"Jammu And Kashmir_2004","Jammu And Kashmir",2004,360.726126126126,NA,23292,0.231111111111111,9.19,55.52,0.697,4.551413109,0.322
"Jammu And Kashmir_2005","Jammu And Kashmir",2005,296.535651936716,NA,24371,0.231111111111111,9.19,55.52,0.697,4.551413109,0.322
"Jammu And Kashmir_2006","Jammu And Kashmir",2006,229.663059033989,NA,25794,0.231111111111111,9.19,55.52,0.697,4.551413109,0.322
"Jammu And Kashmir_2007","Jammu And Kashmir",2007,214.45,NA,27387,0.231111111111111,9.19,55.52,0.697,4.551413109,0.322
"Jammu And Kashmir_2008","Jammu And Kashmir",2008,319.343618851049,NA,29102,0.231111111111111,8.04,55.52,0.697,4.551413109,0.322
"Jammu And Kashmir_2009","Jammu And Kashmir",2009,274.161058201058,NA,30512,0.231111111111111,8.04,55.52,0.697,4.22141662,0.322
"Jammu And Kashmir_2010","Jammu And Kashmir",2010,197.653128955998,NA,32256,0.231111111111111,8.04,55.52,0.697,4.22141662,0.322
"Jammu And Kashmir_2011","Jammu And Kashmir",2011,NA,NA,65319,0.231111111111111,8.04,67.16,0.697,4.22141662,0.322
"Jammu And Kashmir_2012","Jammu And Kashmir",2012,250.571843980935,NA,67316,0.231111111111111,8.04,67.16,0.374,4.22141662,0.322
"Jammu And Kashmir_2013","Jammu And Kashmir",2013,292.874323924278,240.801001797551,70536,0.231111111111111,8.04,67.16,0.374,4.22141662,0.322
"Jammu And Kashmir_2014","Jammu And Kashmir",2014,232.084592352092,190.733058116883,67154,0.231111111111111,3.44,67.16,0.374,4.22141662,0.322
"Jammu And Kashmir_2015","Jammu And Kashmir",2015,173.931351752822,155.506432575758,80602,0.231111111111111,3.44,67.16,0.374,NA,0.256
"Jammu And Kashmir_2016","Jammu And Kashmir",2016,237.574899243436,0,82636,0.231111111111111,3.44,67.16,0.374,NA,0.256
"Jammu And Kashmir_2017","Jammu And Kashmir",2017,NA,NA,87591,0.231111111111111,3.44,67.16,0.374,NA,0.256
"Jammu And Kashmir_2018","Jammu And Kashmir",2018,NA,NA,93072,0.231111111111111,3.44,67.16,0.374,NA,0.256
"Jharkhand_2000","Jharkhand",2000,198.033333333333,NA,26663,0.243809523809524,NA,53.56,0.624,4.757795504,0.535
"Jharkhand_2001","Jharkhand",2001,137.142857142857,NA,28500,0.243809523809524,NA,53.56,0.624,4.757795504,0.535
"Jharkhand_2002","Jharkhand",2002,142.480666666667,NA,29298,0.243809523809524,NA,53.56,0.624,4.757795504,0.535
"Jharkhand_2003","Jharkhand",2003,NA,NA,31515,0.243809523809524,NA,53.56,0.624,4.757795504,0.535
"Jharkhand_2004","Jharkhand",2004,198.06149068323,NA,53056,0.243809523809524,NA,53.56,0.624,4.757795504,0.535
"Jharkhand_2005","Jharkhand",2005,174.432027972028,NA,50678,0.243809523809524,16.04,53.56,0.624,4.757795504,0.535
"Jharkhand_2006","Jharkhand",2006,174.143154761905,NA,51527,0.243809523809524,16.04,53.56,0.624,6.376093294,0.535
"Jharkhand_2007","Jharkhand",2007,336.920816980639,276.628413788592,63005,0.243809523809524,16.04,53.56,0.624,6.376093294,0.535
"Jharkhand_2008","Jharkhand",2008,251.806411049268,NA,60472,0.243809523809524,16.04,53.56,0.624,6.376093294,0.535
"Jharkhand_2009","Jharkhand",2009,243.554753579754,35,66465,0.243809523809524,5,53.56,0.624,6.376093294,0.535
"Jharkhand_2010","Jharkhand",2010,196.61646300669,NA,76134,0.243809523809524,5,53.56,0.624,3.525523912,0.535
"Jharkhand_2011","Jharkhand",2011,213.949017762661,NA,137383,0.243809523809524,5,66.41,0.624,3.525523912,0.535
"Jharkhand_2012","Jharkhand",2012,233.168813701669,NA,149526,0.243809523809524,5,66.41,0.741,3.525523912,0.535
"Jharkhand_2013","Jharkhand",2013,250.716886551271,110,150609,0.243809523809524,5,66.41,0.741,3.525523912,0.535
"Jharkhand_2014","Jharkhand",2014,329,269.67,170568,0.243809523809524,22.22,66.41,0.741,3.525523912,0.535
"Jharkhand_2015","Jharkhand",2015,67,54.92,158231,0.243809523809524,22.22,66.41,0.741,3.642976124,0.396
"Jharkhand_2016","Jharkhand",2016,256,NA,176363,0.243809523809524,22.22,66.41,0.741,3.642976124,0.396
"Jharkhand_2017","Jharkhand",2017,156,127.91,191573,0.243809523809524,22.22,66.41,0.741,3.642976124,0.396
"Jharkhand_2018","Jharkhand",2018,273.533333333333,224.206666666667,208701,0.243809523809524,22.22,66.41,0.741,3.642976124,0.396
"Karnataka_2000","Karnataka",2000,280,NA,91136,0.281153846153846,39.28,66.6,0.546,3.576846307,0.396
"Karnataka_2001","Karnataka",2001,209.374995705353,NA,92788,0.281153846153846,39.28,66.6,0.546,3.576846307,0.396
"Karnataka_2002","Karnataka",2002,NA,274.9,97765,0.281153846153846,39.28,66.6,0.546,3.576846307,0.396
"Karnataka_2003","Karnataka",2003,277.836274836275,252.969536019536,99669,0.281153846153846,39.28,66.6,0.546,3.576846307,0.396
"Karnataka_2004","Karnataka",2004,NA,NA,148729,0.281153846153846,6.25,66.6,0.546,3.576846307,0.396
"Karnataka_2005","Karnataka",2005,239.142137896825,204.433073679792,164031,0.281153846153846,6.25,66.6,0.546,2.597101449,0.396
"Karnataka_2006","Karnataka",2006,212.031711145997,181.610495911651,181086,0.281153846153846,6.25,66.6,0.546,2.597101449,0.396
"Karnataka_2007","Karnataka",2007,261.529022556391,229.064165413534,203810,0.281153846153846,6.25,66.6,0.546,2.597101449,0.396
"Karnataka_2008","Karnataka",2008,NA,NA,218309,0.281153846153846,13.29,66.6,0.546,2.597101449,0.396
"Karnataka_2009","Karnataka",2009,130.195538007301,156.831334910907,218363,0.281153846153846,13.29,66.6,0.546,2.753896817,0.396
"Karnataka_2010","Karnataka",2010,147.61538961039,122.8125,240817,0.281153846153846,13.29,66.6,0.546,2.753896817,0.396
"Karnataka_2011","Karnataka",2011,203.564289529915,174.124656091035,554952,0.281153846153846,13.29,75.37,0.546,2.753896817,0.396
"Karnataka_2012","Karnataka",2012,72.3948863636363,66.6490469208211,593192,0.281153846153846,13.29,75.37,0.464,2.753896817,0.396
"Karnataka_2013","Karnataka",2013,227.371384199757,197.759409103383,646787,0.281153846153846,36.6,75.37,0.464,2.753896817,0.396
"Karnataka_2014","Karnataka",2014,203.924171213973,184.313745760946,671283,0.281153846153846,36.6,75.37,0.464,2.699375941,0.396
"Karnataka_2015","Karnataka",2015,350.5,324.795,749952,0.281153846153846,36.6,75.37,0.464,2.699375941,0.257
"Karnataka_2016","Karnataka",2016,201.478384629639,0,851394,0.281153846153846,36.6,75.37,0.464,2.699375941,0.257
"Karnataka_2017","Karnataka",2017,48.8,0,915642,0.281153846153846,36.6,75.37,0.464,2.699375941,0.257
"Karnataka_2018","Karnataka",2018,193.570444736024,0,974815,0.281153846153846,10.71,75.37,0.464,2.699375941,0.257
"Kerala_2000","Kerala",2000,31.1315151515152,55.3,62909,0.347142857142857,2.14,90.86,0.474,4.068078041,0.241
"Kerala_2001","Kerala",2001,58.9414040848639,30.3,66052,0.347142857142857,27.85,90.86,0.474,4.068078041,0.241
"Kerala_2002","Kerala",2002,59.7496542085734,66.5888888888889,70885,0.347142857142857,27.85,90.86,0.474,4.112463282,0.241
"Kerala_2003","Kerala",2003,NA,NA,75479,0.347142857142857,27.85,90.86,0.474,4.112463282,0.241
"Kerala_2004","Kerala",2004,50.5824776536275,43.395544298482,104776,0.347142857142857,27.85,90.86,0.474,4.112463282,0.241
"Kerala_2005","Kerala",2005,NA,NA,115500,0.347142857142857,27.85,90.86,0.474,4.112463282,0.241
"Kerala_2006","Kerala",2006,102.827192982456,100.454385964912,124625,0.347142857142857,26.42,90.86,0.474,4.112463282,0.241
"Kerala_2007","Kerala",2007,42.5729625390314,41.4788377336932,135747,0.347142857142857,26.42,90.86,0.474,4.718343765,0.241
"Kerala_2008","Kerala",2008,41.9634601997521,39.2078384662277,144094,0.347142857142857,26.42,90.86,0.474,4.718343765,0.241
"Kerala_2009","Kerala",2009,31.31875,27.290625,157123,0.347142857142857,26.42,90.86,0.474,4.718343765,0.241
"Kerala_2010","Kerala",2010,35.8893221536887,32.7207821073854,167178,0.347142857142857,26.42,90.86,0.474,4.718343765,0.241
"Kerala_2011","Kerala",2011,61.1014730639731,57.0399410512997,328021,0.347142857142857,5,94,0.474,4.718343765,0.241
"Kerala_2012","Kerala",2012,NA,NA,348616,0.347142857142857,5,94,0.418,4.238754325,0.241
"Kerala_2013","Kerala",2013,NA,NA,364707,0.347142857142857,5,94,0.418,4.238754325,0.241
"Kerala_2014","Kerala",2014,54.5843667395729,47.3900984848485,382134,0.347142857142857,5,94,0.418,4.238754325,0.241
"Kerala_2015","Kerala",2015,53.8334626834977,46.3712655025627,411150,0.347142857142857,5,94,0.418,4.238754325,0.169
"Kerala_2016","Kerala",2016,72.792122219841,94.1221212121212,443615,0.347142857142857,25.71,94,0.418,4.238754325,0.169
"Kerala_2017","Kerala",2017,90.482549346715,69.8697863200404,473182,0.347142857142857,25.71,94,0.418,4.016393443,0.169
"Kerala_2018","Kerala",2018,64.7895999975401,53.3152887401986,510787,0.347142857142857,25.71,94,0.418,4.016393443,0.169
"Madhya Pradesh_2000","Madhya Pradesh",2000,358.276877726132,NA,66750,0.277,16.56,63.74,0.523,1.682248935,0.498
"Madhya Pradesh_2001","Madhya Pradesh",2001,338.789469856401,345.1,71525,0.277,16.56,63.74,0.523,1.682248935,0.498
"Madhya Pradesh_2002","Madhya Pradesh",2002,299.584088744477,152.0875,67795,0.277,16.56,63.74,0.523,1.682248935,0.498
"Madhya Pradesh_2003","Madhya Pradesh",2003,NA,NA,75400,0.277,58.69,63.74,0.523,1.682248935,0.498
"Madhya Pradesh_2004","Madhya Pradesh",2004,291.131344054251,239.54362243426,99940,0.277,58.69,63.74,0.523,2.068507078,0.498
"Madhya Pradesh_2005","Madhya Pradesh",2005,260.050775832739,215.889910977053,104975,0.277,58.69,63.74,0.523,2.068507078,0.498
"Madhya Pradesh_2006","Madhya Pradesh",2006,284.066107367423,234.736810472797,114545,0.277,58.69,63.74,0.523,2.068507078,0.498
"Madhya Pradesh_2007","Madhya Pradesh",2007,311.409824348451,256.384436963108,119958,0.277,58.69,63.74,0.523,2.068507078,0.498
"Madhya Pradesh_2008","Madhya Pradesh",2008,347.538663664076,284.848797585784,135124,0.277,31.3,63.74,0.523,2.068507078,0.498
"Madhya Pradesh_2009","Madhya Pradesh",2009,313.617215096156,258.721079513299,147933,0.277,31.3,63.74,0.523,1.727967597,0.498
"Madhya Pradesh_2010","Madhya Pradesh",2010,307.168919311135,251.96637503237,155701,0.277,31.3,63.74,0.523,1.727967597,0.498
"Madhya Pradesh_2011","Madhya Pradesh",2011,300.02311431395,246.671902500865,282371,0.277,31.3,69.32,0.523,1.727967597,0.498
"Madhya Pradesh_2012","Madhya Pradesh",2012,279.429894149829,245.649683185404,306853,0.277,31.3,69.32,0.488,1.727967597,0.498
"Madhya Pradesh_2013","Madhya Pradesh",2013,257.359795214401,208.107188296174,322598,0.277,46.52,69.32,0.488,1.727967597,0.498
"Madhya Pradesh_2014","Madhya Pradesh",2014,290.581207615355,247.443795153902,339247,0.277,46.52,69.32,0.488,2.124668648,0.498
"Madhya Pradesh_2015","Madhya Pradesh",2015,286.889315180783,237.861694458557,370716,0.277,46.52,69.32,0.488,2.124668648,0.376
"Madhya Pradesh_2016","Madhya Pradesh",2016,267.49817684615,NA,419465,0.277,46.52,69.32,0.488,2.124668648,0.376
"Madhya Pradesh_2017","Madhya Pradesh",2017,343.163392325084,575.41,441956,0.277,46.52,69.32,0.488,2.124668648,0.376
"Madhya Pradesh_2018","Madhya Pradesh",2018,339.736822053955,8.6066,482361,0.277,2.17,69.32,0.488,2.124668648,0.376
"Maharashtra_2000","Maharashtra",2000,325.632670518806,259.225,210526,0.274705882352941,2.08,76.88,0.48,4.891719745,0.375
"Maharashtra_2001","Maharashtra",2001,347.742382655577,331.716666666667,217963,0.274705882352941,2.08,76.88,0.48,4.891719745,0.375
"Maharashtra_2002","Maharashtra",2002,280.040414084764,166.425,232994,0.274705882352941,2.08,76.88,0.48,4.891719745,0.375
"Maharashtra_2003","Maharashtra",2003,NA,NA,250989,0.274705882352941,2.08,76.88,0.48,4.891719745,0.375
"Maharashtra_2004","Maharashtra",2004,320.59781328661,158.8,370023,0.274705882352941,0.69,76.88,0.48,4.891719745,0.375
"Maharashtra_2005","Maharashtra",2005,291.930299508357,365.2,423632,0.274705882352941,0.69,76.88,0.48,5.38247891,0.375
"Maharashtra_2006","Maharashtra",2006,254.372110672032,200,481983,0.274705882352941,0.69,76.88,0.48,5.38247891,0.375
"Maharashtra_2007","Maharashtra",2007,283.992188839479,360.1,538081,0.274705882352941,0.69,76.88,0.48,5.38247891,0.375
"Maharashtra_2008","Maharashtra",2008,270.539896898881,281.689523809524,546533,0.274705882352941,0.69,76.88,0.48,5.38247891,0.375
"Maharashtra_2009","Maharashtra",2009,263.162515572129,216.243388132964,599338,0.274705882352941,6.94,76.88,0.48,5.38247891,0.375
"Maharashtra_2010","Maharashtra",2010,NA,9.8,667625,0.274705882352941,6.94,76.88,0.48,3.707160097,0.375
"Maharashtra_2011","Maharashtra",2011,273.208053371923,226.846388018739,1126595,0.274705882352941,6.94,82.34,0.48,3.707160097,0.375
"Maharashtra_2012","Maharashtra",2012,248.190312104549,212.650620018875,1189711,0.274705882352941,6.94,82.34,0.34,3.707160097,0.375
"Maharashtra_2013","Maharashtra",2013,239.886466299013,202.543586249584,1267551,0.274705882352941,6.94,82.34,0.34,3.707160097,0.375
"Maharashtra_2014","Maharashtra",2014,221.899144079422,184.406998366088,1345341,0.274705882352941,20.48,82.34,0.34,3.707160097,0.375
"Maharashtra_2015","Maharashtra",2015,253.700046954665,209.529838869289,1452513,0.274705882352941,20.48,82.34,0.34,4.317751171,0.275
"Maharashtra_2016","Maharashtra",2016,285.610270821456,216.421515151515,1596121,0.274705882352941,20.48,82.34,0.34,4.317751171,0.275
"Maharashtra_2017","Maharashtra",2017,348.301883489606,NA,1661065,0.274705882352941,20.48,82.34,0.34,4.317751171,0.275
"Maharashtra_2018","Maharashtra",2018,408.575499047265,0,1728578,0.274705882352941,20.48,82.34,0.34,4.317751171,0.275
"Meghalaya_2000","Meghalaya",2000,NA,NA,3422,0.196666666666667,8.33,62.56,0.48,4.422604423,0.366
"Meghalaya_2001","Meghalaya",2001,NA,NA,3651,0.196666666666667,8.33,62.56,0.48,4.422604423,0.366
"Meghalaya_2002","Meghalaya",2002,NA,NA,3759,0.196666666666667,8.33,62.56,0.48,4.422604423,0.366
"Meghalaya_2003","Meghalaya",2003,NA,NA,3993,0.196666666666667,13.33,62.56,0.48,4.422604423,0.366
"Meghalaya_2004","Meghalaya",2004,NA,NA,5846,0.196666666666667,13.33,62.56,0.48,3.577595067,0.366
"Meghalaya_2005","Meghalaya",2005,58.3869047619048,47.853373015873,6303,0.196666666666667,13.33,62.56,0.48,3.577595067,0.366
"Meghalaya_2006","Meghalaya",2006,59.1222222222222,48.4842592592593,6778,0.196666666666667,13.33,62.56,0.48,3.577595067,0.366
"Meghalaya_2007","Meghalaya",2007,55.1780303030303,45.2337121212121,6991,0.196666666666667,13.33,62.56,0.48,3.577595067,0.366
"Meghalaya_2008","Meghalaya",2008,57.8015873015873,47.4865079365079,7889,0.196666666666667,18.64,62.56,0.48,3.577595067,0.366
"Meghalaya_2009","Meghalaya",2009,60.3333333333333,49.475,8396,0.196666666666667,18.64,62.56,0.48,3.272727273,0.366
"Meghalaya_2010","Meghalaya",2010,40,32.8,9226,0.196666666666667,18.64,62.56,0.48,3.272727273,0.366
"Meghalaya_2011","Meghalaya",2011,88.4041666666667,72.4533333333333,18028,0.196666666666667,18.64,74.43,0.48,3.272727273,0.366
"Meghalaya_2012","Meghalaya",2012,NA,NA,18323,0.196666666666667,18.64,74.43,0.403,3.272727273,0.366
"Meghalaya_2013","Meghalaya",2013,40,32.8,18397,0.196666666666667,35,74.43,0.403,3.272727273,0.366
"Meghalaya_2014","Meghalaya",2014,42.8333333333333,40.1097916666667,17893,0.196666666666667,35,74.43,0.403,3.987399771,0.366
"Meghalaya_2015","Meghalaya",2015,61.6071428571428,64.5459523809524,18330,0.196666666666667,35,74.43,0.403,3.987399771,0.27
"Meghalaya_2016","Meghalaya",2016,44.0596590909091,49.2017045454545,19295,0.196666666666667,35,74.43,0.403,3.987399771,0.27
"Meghalaya_2017","Meghalaya",2017,53.0133928571428,55.4985119047619,19964,0.196666666666667,35,74.43,0.403,3.987399771,0.27
"Meghalaya_2018","Meghalaya",2018,45.1472406593406,44.658256043956,20968,0.196666666666667,3.38,74.43,0.403,3.987399771,0.27
"Nagaland_2000","Nagaland",2000,NA,NA,3052,0.2175,76.67,66.59,0.765,3.99113082,0.332
"Nagaland_2001","Nagaland",2001,NA,NA,3402,0.2175,76.67,66.59,0.765,3.99113082,0.332
"Nagaland_2002","Nagaland",2002,NA,NA,3741,0.2175,76.67,66.59,0.765,3.99113082,0.332
"Nagaland_2003","Nagaland",2003,NA,NA,3912,0.2175,3.33,66.59,0.765,3.99113082,0.332
"Nagaland_2004","Nagaland",2004,NA,NA,5421,0.2175,3.33,66.59,0.765,2.852614897,0.332
"Nagaland_2005","Nagaland",2005,90.9479166666667,81.6864583333332,5986,0.2175,3.33,66.59,0.765,2.852614897,0.332
"Nagaland_2006","Nagaland",2006,83.4333333333333,68.41,6454,0.2175,3.33,66.59,0.765,2.852614897,0.332
"Nagaland_2007","Nagaland",2007,NA,NA,6978,0.2175,3.33,66.59,0.765,2.852614897,0.332
"Nagaland_2008","Nagaland",2008,NA,NA,7422,0.2175,5,66.59,0.765,2.852614897,0.332
"Nagaland_2009","Nagaland",2009,NA,NA,7842,0.2175,5,66.59,0.765,2.264150943,0.332
"Nagaland_2010","Nagaland",2010,NA,NA,8587,0.2175,5,66.59,0.765,2.264150943,0.332
"Nagaland_2011","Nagaland",2011,NA,NA,10554,0.2175,5,79.6,0.765,2.264150943,0.332
"Nagaland_2012","Nagaland",2012,NA,NA,11163,0.2175,5,79.6,0.765,2.264150943,0.332
"Nagaland_2013","Nagaland",2013,NA,NA,11923,0.2175,50,79.6,0.765,2.264150943,0.332
"Nagaland_2014","Nagaland",2014,92.3333333333333,94.5733333333333,12406,0.2175,50,79.6,0.765,3.082191781,0.332
"Nagaland_2015","Nagaland",2015,90,100.44,12600,0.2175,50,79.6,0.765,3.082191781,0.274
"Nagaland_2016","Nagaland",2016,79.1176470588235,89.7058823529412,13488,0.2175,50,79.6,0.765,3.082191781,0.274
"Nagaland_2017","Nagaland",2017,NA,NA,14178,0.2175,50,79.6,0.765,3.082191781,0.274
"Nagaland_2018","Nagaland",2018,NA,NA,15055,0.2175,16.67,79.6,0.765,3.082191781,0.274
"Odisha_2000","Odisha",2000,NA,NA,37386,0.264814814814815,20.4,63.08,0.583,3.168010556,0.486
"Odisha_2001","Odisha",2001,NA,NA,39662,0.264814814814815,20.4,63.08,0.583,3.443665339,0.486
"Odisha_2002","Odisha",2002,NA,NA,39377,0.264814814814815,20.4,63.08,0.583,3.443665339,0.486
"Odisha_2003","Odisha",2003,NA,NA,45127,0.264814814814815,20.4,63.08,0.583,3.443665339,0.486
"Odisha_2004","Odisha",2004,NA,NA,67987,0.264814814814815,15.64,63.08,0.583,3.443665339,0.486
"Odisha_2005","Odisha",2005,NA,NA,71005,0.264814814814815,15.64,63.08,0.583,1.891047519,0.486
"Odisha_2006","Odisha",2006,NA,NA,79845,0.264814814814815,15.64,63.08,0.583,1.891047519,0.486
"Odisha_2007","Odisha",2007,NA,NA,86692,0.264814814814815,15.64,63.08,0.583,1.891047519,0.486
"Odisha_2008","Odisha",2008,NA,NA,93207,0.264814814814815,15.64,63.08,0.583,1.891047519,0.486
"Odisha_2009","Odisha",2009,181.049103198614,148.796061996223,93957,0.264814814814815,51.7,63.08,0.583,1.891047519,0.486
"Odisha_2010","Odisha",2010,NA,NA,99880,0.264814814814815,51.7,63.08,0.583,1.537897659,0.486
"Odisha_2011","Odisha",2011,NA,NA,204226,0.264814814814815,51.7,72.89,0.583,1.537897659,0.486
"Odisha_2012","Odisha",2012,192.829066543478,158.91300754717,216301,0.264814814814815,51.7,72.89,0.483,1.537897659,0.486
"Odisha_2013","Odisha",2013,173.210387464709,142.433567219747,233122,0.264814814814815,51.7,72.89,0.483,1.537897659,0.486
"Odisha_2014","Odisha",2014,178.211127981896,146.506583333841,235931,0.264814814814815,68.7,72.89,0.483,1.537897659,0.486
"Odisha_2015","Odisha",2015,149.220265384818,123.196520766767,253192,0.264814814814815,68.7,72.89,0.483,1.620249316,0.36
"Odisha_2016","Odisha",2016,NA,NA,293348,0.264814814814815,68.7,72.89,0.483,1.620249316,0.36
"Odisha_2017","Odisha",2017,222.803414983764,185.373105167038,316192,0.264814814814815,68.7,72.89,0.483,1.620249316,0.36
"Odisha_2018","Odisha",2018,212.137760103618,176.203232871959,338339,0.264814814814815,68.7,72.89,0.483,1.620249316,0.36
"Pondicherry_2000","Pondicherry",2000,383.111111111111,321.033333333333,3305,0.316666666666667,6.67,81.24,0.713,4.411764706,NA
"Pondicherry_2001","Pondicherry",2001,349.166666666667,286.2,3529,0.316666666666667,13.33,81.24,0.713,4.411764706,NA
"Pondicherry_2002","Pondicherry",2002,496,406.583333333333,3879,0.316666666666667,13.33,81.24,0.713,4.945054945,NA
"Pondicherry_2003","Pondicherry",2003,NA,NA,4053,0.316666666666667,13.33,81.24,0.713,4.945054945,NA
"Pondicherry_2004","Pondicherry",2004,177,145.1,5033,0.316666666666667,13.33,81.24,0.713,4.945054945,NA
"Pondicherry_2005","Pondicherry",2005,306.777777777778,251.455555555556,6375,0.316666666666667,13.33,81.24,0.713,4.945054945,NA
"Pondicherry_2006","Pondicherry",2006,302.416666666667,247.875,6614,0.316666666666667,10,81.24,0.713,4.945054945,NA
"Pondicherry_2007","Pondicherry",2007,289.666666666667,237.433333333334,7137,0.316666666666667,10,81.24,0.713,2.960526316,NA
"Pondicherry_2008","Pondicherry",2008,232,200.2,7792,0.316666666666667,10,81.24,0.713,2.960526316,NA
"Pondicherry_2009","Pondicherry",2009,187.5,171.175,9197,0.316666666666667,10,81.24,0.713,2.960526316,NA
"Pondicherry_2010","Pondicherry",2010,395.25,324,9812,0.316666666666667,10,81.24,0.713,2.960526316,NA
"Pondicherry_2011","Pondicherry",2011,418.666666666667,343.15,15160,0.316666666666667,26.67,85.85,0.713,2.960526316,NA
"Pondicherry_2012","Pondicherry",2012,NA,NA,15507,0.316666666666667,26.67,85.85,0.688,2.903225806,NA
"Pondicherry_2013","Pondicherry",2013,332.5,272.55,17239,0.316666666666667,26.67,85.85,0.688,2.903225806,NA
"Pondicherry_2014","Pondicherry",2014,248.75,203.895,16055,0.316666666666667,26.67,85.85,0.688,2.903225806,NA
"Pondicherry_2015","Pondicherry",2015,301.333333333333,246.9975,17025,0.316666666666667,26.67,85.85,0.688,2.903225806,NA
"Pondicherry_2016","Pondicherry",2016,302.990666666667,0,18284,0.316666666666667,23.33,85.85,0.688,2.903225806,NA
"Pondicherry_2017","Pondicherry",2017,348.833333333333,316.913333333334,20024,0.316666666666667,23.33,85.85,0.688,4.245283019,NA
"Pondicherry_2018","Pondicherry",2018,358.81369047619,302.06230952381,23468,0.316666666666667,23.33,85.85,0.688,4.245283019,NA
"Punjab_2000","Punjab",2000,370.815079401987,NA,63172,0.300555555555556,48.71,69.65,0.398,2.436198612,0.272
"Punjab_2001","Punjab",2001,464.25,NA,63995,0.300555555555556,48.71,69.65,0.398,2.436198612,0.272
"Punjab_2002","Punjab",2002,470.512435064935,214.8,65085,0.300555555555556,17.94,69.65,0.398,2.436198612,0.272
"Punjab_2003","Punjab",2003,NA,NA,69149,0.300555555555556,17.94,69.65,0.398,2.908776481,0.272
"Punjab_2004","Punjab",2004,375.876472832723,330.98990800095,86108,0.300555555555556,17.94,69.65,0.398,2.908776481,0.272
"Punjab_2005","Punjab",2005,389.870407893234,337.234847756913,90330,0.300555555555556,17.94,69.65,0.398,2.908776481,0.272
"Punjab_2006","Punjab",2006,392.731514740945,329.385315237881,100072,0.300555555555556,17.94,69.65,0.398,2.908776481,0.272
"Punjab_2007","Punjab",2007,363.391268627546,311.670331455122,108738,0.300555555555556,3.44,69.65,0.398,2.908776481,0.272
"Punjab_2008","Punjab",2008,473.744419867008,396.69466719197,114766,0.300555555555556,3.44,69.65,0.398,2.532654949,0.272
"Punjab_2009","Punjab",2009,408.781392559682,346.135298600036,122097,0.300555555555556,3.44,69.65,0.398,2.532654949,0.272
"Punjab_2010","Punjab",2010,391.074421971614,320.557785772668,129983,0.300555555555556,3.44,69.65,0.398,2.532654949,0.272
"Punjab_2011","Punjab",2011,NA,NA,239227,0.300555555555556,3.44,75.84,0.398,2.532654949,0.272
"Punjab_2012","Punjab",2012,332.236138174627,299.033643808844,251813,0.300555555555556,8.54,75.84,0.464,2.532654949,0.272
"Punjab_2013","Punjab",2013,253.973302931636,249.98376291918,267515,0.300555555555556,8.54,75.84,0.464,2.084513476,0.272
"Punjab_2014","Punjab",2014,312.417876150719,319.895824525511,278485,0.300555555555556,8.54,75.84,0.464,2.084513476,0.272
"Punjab_2015","Punjab",2015,309.080485493121,305.311835100029,294895,0.300555555555556,8.54,75.84,0.464,2.084513476,0.164
"Punjab_2016","Punjab",2016,336.17644158611,271.740384615385,315783,0.300555555555556,8.54,75.84,0.464,2.084513476,0.164
"Punjab_2017","Punjab",2017,432.458629528366,312.802172237552,335057,0.300555555555556,48.71,75.84,0.464,2.084513476,0.164
"Punjab_2018","Punjab",2018,319.730162877744,0,353942,0.300555555555556,48.71,75.84,0.464,1.555038055,0.164
"Rajasthan_2000","Rajasthan",2000,391.935668363868,332.502553828227,71764,0.256060606060606,60,60.41,0.551,2.255808707,0.481
"Rajasthan_2001","Rajasthan",2001,376.049875767477,321.560636547065,79936,0.256060606060606,60,60.41,0.551,2.255808707,0.481
"Rajasthan_2002","Rajasthan",2002,370.269549281334,319.741292957611,70333,0.256060606060606,60,60.41,0.551,2.255808707,0.481
"Rajasthan_2003","Rajasthan",2003,500,409.8,92712,0.256060606060606,32,60.41,0.551,2.255808707,0.481
"Rajasthan_2004","Rajasthan",2004,416.766860256765,353.43312625967,112636,0.256060606060606,32,60.41,0.551,2.573340196,0.481
"Rajasthan_2005","Rajasthan",2005,403.357769689976,341.976541439566,120202,0.256060606060606,32,60.41,0.551,2.573340196,0.481
"Rajasthan_2006","Rajasthan",2006,384.597849369426,330.201422221898,134350,0.256060606060606,32,60.41,0.551,2.573340196,0.481
"Rajasthan_2007","Rajasthan",2007,493.285520396434,406.768460321973,140471,0.256060606060606,32,60.41,0.551,2.573340196,0.481
"Rajasthan_2008","Rajasthan",2008,451.623847027223,381.7177721558,152284,0.256060606060606,9,60.41,0.551,2.573340196,0.481
"Rajasthan_2009","Rajasthan",2009,389.025773762477,334.365839845959,161159,0.256060606060606,9,60.41,0.551,1.476668636,0.481
"Rajasthan_2010","Rajasthan",2010,426.01438729988,360.672072560773,185366,0.256060606060606,9,60.41,0.551,1.476668636,0.481
"Rajasthan_2011","Rajasthan",2011,409.274618801588,344.056677777911,395331,0.256060606060606,9,66.11,0.551,1.476668636,0.481
"Rajasthan_2012","Rajasthan",2012,412.951371576163,361.649613227387,409802,0.256060606060606,9,66.11,0.589,1.476668636,0.481
"Rajasthan_2013","Rajasthan",2013,394.694251778085,347.648281960993,434292,0.256060606060606,71,66.11,0.589,1.476668636,0.481
"Rajasthan_2014","Rajasthan",2014,361.705742534868,324.703446215197,465408,0.256060606060606,71,66.11,0.589,2.579365596,0.481
"Rajasthan_2015","Rajasthan",2015,449.446701090141,380.829705035048,501922,0.256060606060606,71,66.11,0.589,2.579365596,0.34
"Rajasthan_2016","Rajasthan",2016,412.722409537218,0,529650,0.256060606060606,71,66.11,0.589,2.579365596,0.34
"Rajasthan_2017","Rajasthan",2017,464.01609360636,388.899235199721,557618,0.256060606060606,71,66.11,0.589,2.579365596,0.34
"Rajasthan_2018","Rajasthan",2018,389.982740835559,330.725462462744,568102,0.256060606060606,13.06,66.11,0.589,2.579365596,0.34
"Tamil Nadu_2000","Tamil Nadu",2000,369.203077134536,302.621100562672,126349,0.286129032258065,57.26,73.45,0.449,2.814639663,0.404
"Tamil Nadu_2001","Tamil Nadu",2001,353.396057283312,289.667663362418,123901,0.286129032258065,43.16,73.45,0.449,2.814639663,0.404
"Tamil Nadu_2002","Tamil Nadu",2002,372.443369828284,305.281643281747,124521,0.286129032258065,43.16,73.45,0.449,3.756586169,0.404
"Tamil Nadu_2003","Tamil Nadu",2003,NA,NA,132281,0.286129032258065,43.16,73.45,0.449,3.756586169,0.404
"Tamil Nadu_2004","Tamil Nadu",2004,297.698584988637,244.018405112765,193645,0.286129032258065,43.16,73.45,0.449,3.756586169,0.404
"Tamil Nadu_2005","Tamil Nadu",2005,366.941393518476,300.779450743147,221588,0.286129032258065,43.16,73.45,0.449,3.756586169,0.404
"Tamil Nadu_2006","Tamil Nadu",2006,350.011596839693,286.898799404929,256286,0.286129032258065,14.95,73.45,0.449,3.756586169,0.404
"Tamil Nadu_2007","Tamil Nadu",2007,395.138338083771,323.884091519649,272340,0.286129032258065,14.95,73.45,0.449,2.272598987,0.404
"Tamil Nadu_2008","Tamil Nadu",2008,104,85.2,286744,0.286129032258065,14.95,73.45,0.449,2.272598987,0.404
"Tamil Nadu_2009","Tamil Nadu",2009,303.462980154327,248.735088008229,316760,0.286129032258065,14.95,73.45,0.449,2.272598987,0.404
"Tamil Nadu_2010","Tamil Nadu",2010,333.394901148865,273.274690861852,359961,0.286129032258065,14.95,73.45,0.449,2.272598987,0.404
"Tamil Nadu_2011","Tamil Nadu",2011,323.96691468254,265.548350694444,674478,0.286129032258065,51.7,80.09,0.449,2.272598987,0.404
"Tamil Nadu_2012","Tamil Nadu",2012,NA,NA,709343,0.286129032258065,51.7,80.09,0.358,2.074782206,0.404
"Tamil Nadu_2013","Tamil Nadu",2013,0,NA,750416,0.286129032258065,51.7,80.09,0.358,2.074782206,0.404
"Tamil Nadu_2014","Tamil Nadu",2014,321.031058699086,264.835257560778,791915,0.286129032258065,51.7,80.09,0.358,2.074782206,0.404
"Tamil Nadu_2015","Tamil Nadu",2015,323.391364468864,270.526332448107,862437,0.286129032258065,51.7,80.09,0.358,2.074782206,0.237
"Tamil Nadu_2016","Tamil Nadu",2016,329.071173631516,0,922084,0.286129032258065,19.39,80.09,0.358,2.074782206,0.237
"Tamil Nadu_2017","Tamil Nadu",2017,354.195443538291,0,1000308,0.286129032258065,19.39,80.09,0.358,2.440759561,0.237
"Tamil Nadu_2018","Tamil Nadu",2018,355.609414373176,0,1071602,0.286129032258065,19.39,80.09,0.358,2.440759561,0.237
"Telangana_2000","Telangana",2000,227.973280423281,190.891534391534,NA,0.267,NA,NA,NA,2.997037037,NA
"Telangana_2001","Telangana",2001,NA,NA,NA,0.267,NA,NA,NA,2.997037037,NA
"Telangana_2002","Telangana",2002,268.866666666667,220.293333333333,NA,0.267,NA,NA,NA,2.997037037,NA
"Telangana_2003","Telangana",2003,309.020833333333,253.205654761905,NA,0.267,NA,NA,NA,2.997037037,NA
"Telangana_2004","Telangana",2004,341.846464646465,295.681717171717,79916,0.267,NA,NA,NA,2.997037037,NA
"Telangana_2005","Telangana",2005,400.30772005772,328.333513708514,92751,0.267,NA,NA,NA,2.997037037,NA
"Telangana_2006","Telangana",2006,279.025228475228,234.366368847202,102977,0.267,NA,NA,NA,2.997037037,NA
"Telangana_2007","Telangana",2007,376.122380952381,310.893404761905,113456,0.267,NA,NA,NA,2.997037037,NA
"Telangana_2008","Telangana",2008,325.743095238095,269.977345238095,128918,0.267,NA,NA,NA,2.997037037,NA
"Telangana_2009","Telangana",2009,306.714299242424,251.55240530303,129267,0.267,NA,NA,NA,2.997037037,NA
"Telangana_2010","Telangana",2010,375.627208593875,308.874338624339,152123,0.267,NA,NA,NA,2.997037037,NA
"Telangana_2011","Telangana",2011,461.92962962963,378.513002244669,325139,0.267,NA,NA,NA,2.997037037,NA
"Telangana_2012","Telangana",2012,NA,NA,334205,0.267,NA,NA,NA,2.997037037,NA
"Telangana_2013","Telangana",2013,290.600119617225,243.477672780436,349593,0.267,NA,NA,NA,2.997037037,NA
"Telangana_2014","Telangana",2014,323.463626460685,269.145810358487,372897,0.267,35.29,NA,NA,2.997037037,NA
"Telangana_2015","Telangana",2015,400.90754181601,330.904280871309,416892,0.267,35.29,NA,NA,1.735204019,0.27
"Telangana_2016","Telangana",2016,376.292530864198,NA,455731,0.267,35.29,NA,NA,1.735204019,0.27
"Telangana_2017","Telangana",2017,413.722775414773,339.116814624348,498145,0.267,35.29,NA,NA,1.735204019,0.27
"Telangana_2018","Telangana",2018,412.492691932823,338.108460794972,544441,0.267,57.98,NA,NA,1.735204019,0.27
"The Dadra And Nagar Haveli And Daman And Diu_2000","The Dadra And Nagar Haveli And Daman And Diu",2000,234.125,NA,NA,0.306666666666667,NA,78.18,0.825,NA,NA
"The Dadra And Nagar Haveli And Daman And Diu_2001","The Dadra And Nagar Haveli And Daman And Diu",2001,253.714285714286,NA,NA,0.306666666666667,NA,78.18,0.825,NA,NA
"The Dadra And Nagar Haveli And Daman And Diu_2002","The Dadra And Nagar Haveli And Daman And Diu",2002,286.785714285714,266.175,NA,0.306666666666667,NA,78.18,0.825,NA,NA
"The Dadra And Nagar Haveli And Daman And Diu_2003","The Dadra And Nagar Haveli And Daman And Diu",2003,NA,NA,NA,0.306666666666667,NA,78.18,0.825,NA,NA
"The Dadra And Nagar Haveli And Daman And Diu_2004","The Dadra And Nagar Haveli And Daman And Diu",2004,330.625,350,NA,0.306666666666667,NA,78.18,0.825,NA,NA
"The Dadra And Nagar Haveli And Daman And Diu_2005","The Dadra And Nagar Haveli And Daman And Diu",2005,263.380952380952,295.25,NA,0.306666666666667,NA,78.18,0.825,NA,NA
"The Dadra And Nagar Haveli And Daman And Diu_2006","The Dadra And Nagar Haveli And Daman And Diu",2006,406.1,469.7,NA,0.306666666666667,NA,78.18,0.825,NA,NA
"The Dadra And Nagar Haveli And Daman And Diu_2007","The Dadra And Nagar Haveli And Daman And Diu",2007,385.041666666667,400,NA,0.306666666666667,NA,78.18,0.825,NA,NA
"The Dadra And Nagar Haveli And Daman And Diu_2008","The Dadra And Nagar Haveli And Daman And Diu",2008,291.652777777778,269.216666666666,NA,0.306666666666667,NA,78.18,0.825,NA,NA
"The Dadra And Nagar Haveli And Daman And Diu_2009","The Dadra And Nagar Haveli And Daman And Diu",2009,320.559523809524,262.755952380952,NA,0.306666666666667,NA,78.18,0.825,NA,NA
"The Dadra And Nagar Haveli And Daman And Diu_2010","The Dadra And Nagar Haveli And Daman And Diu",2010,558.25,457.6,NA,0.306666666666667,NA,78.18,0.825,NA,NA
"The Dadra And Nagar Haveli And Daman And Diu_2011","The Dadra And Nagar Haveli And Daman And Diu",2011,329.706349206349,270.269841269841,NA,0.306666666666667,NA,87.1,0.825,NA,NA
"The Dadra And Nagar Haveli And Daman And Diu_2012","The Dadra And Nagar Haveli And Daman And Diu",2012,389.916666666667,330.708333333333,NA,0.306666666666667,NA,87.1,0.73,NA,NA
"The Dadra And Nagar Haveli And Daman And Diu_2013","The Dadra And Nagar Haveli And Daman And Diu",2013,279.05,228.745,NA,0.306666666666667,NA,87.1,0.73,NA,NA
"The Dadra And Nagar Haveli And Daman And Diu_2014","The Dadra And Nagar Haveli And Daman And Diu",2014,344.648148148148,282.498333333333,NA,0.306666666666667,NA,87.1,0.73,NA,NA
"The Dadra And Nagar Haveli And Daman And Diu_2015","The Dadra And Nagar Haveli And Daman And Diu",2015,229.1,211.122333333333,NA,0.306666666666667,NA,87.1,0.73,NA,NA
"The Dadra And Nagar Haveli And Daman And Diu_2016","The Dadra And Nagar Haveli And Daman And Diu",2016,366.103174603175,312.986761904762,NA,0.306666666666667,NA,87.1,0.73,NA,NA
"The Dadra And Nagar Haveli And Daman And Diu_2017","The Dadra And Nagar Haveli And Daman And Diu",2017,340.916533333333,330.9221311525,NA,0.306666666666667,NA,87.1,0.73,NA,NA
"The Dadra And Nagar Haveli And Daman And Diu_2018","The Dadra And Nagar Haveli And Daman And Diu",2018,325.11,305.447333333334,NA,0.306666666666667,NA,87.1,0.73,NA,NA
"Tripura_2000","Tripura",2000,48,NA,4778,0.23,41.67,73.19,0.479,2.176541717,0.336
"Tripura_2001","Tripura",2001,NA,NA,5433,0.23,41.67,73.19,0.479,2.176541717,0.336
"Tripura_2002","Tripura",2002,NA,NA,5796,0.23,41.67,73.19,0.479,2.176541717,0.336
"Tripura_2003","Tripura",2003,NA,NA,6136,0.23,41.67,73.19,0.479,2.176541717,0.336
"Tripura_2004","Tripura",2004,NA,NA,8170,0.23,41.67,73.19,0.479,1.620162016,0.336
"Tripura_2005","Tripura",2005,56.1107142857143,64.2166666666666,8708,0.23,41.67,73.19,0.479,1.620162016,0.336
"Tripura_2006","Tripura",2006,81.2589285714286,NA,9458,0.23,41.67,73.19,0.479,1.620162016,0.336
"Tripura_2007","Tripura",2007,85.9107142857143,209.85,10082,0.23,41.67,73.19,0.479,1.620162016,0.336
"Tripura_2008","Tripura",2008,90.4583333333333,167.3,11146,0.23,60,73.19,0.479,1.620162016,0.336
"Tripura_2009","Tripura",2009,104.987996794872,89.0100503663003,12287,0.23,60,73.19,0.479,1.438848921,0.336
"Tripura_2010","Tripura",2010,78.6619047619048,NA,13215,0.23,60,73.19,0.479,1.438848921,0.336
"Tripura_2011","Tripura",2011,151.666666666667,130.966666666667,17419,0.23,60,87.22,0.479,1.438848921,0.336
"Tripura_2012","Tripura",2012,NA,NA,18857,0.23,60,87.22,0.415,1.438848921,0.336
"Tripura_2013","Tripura",2013,90.1666666666667,99.334375,20623,0.23,65,87.22,0.415,1.438848921,0.336
"Tripura_2014","Tripura",2014,66.2857142857143,82.7131071428572,24407,0.23,65,87.22,0.415,2.253074434,0.336
"Tripura_2015","Tripura",2015,69.3333333333333,68.6827777777778,23745,0.23,65,87.22,0.415,2.253074434,0.263
"Tripura_2016","Tripura",2016,64.1493055555555,66.6439636752137,27204,0.23,65,87.22,0.415,2.253074434,0.263
"Tripura_2017","Tripura",2017,75.1727766167421,80.8201991176129,29505,0.23,65,87.22,0.415,2.253074434,0.263
"Tripura_2018","Tripura",2018,70.3656725060992,71.1168546692871,32703,0.23,32.2,87.22,0.415,2.253074434,0.263
"Uttar Pradesh_2000","Uttar Pradesh",2000,355.615414991754,NA,160015,0.262575757575758,15.09,56.27,0.516,4.17321479,0.46
"Uttar Pradesh_2001","Uttar Pradesh",2001,332.883129924093,NA,162926,0.262575757575758,15.09,56.27,0.516,4.17321479,0.46
"Uttar Pradesh_2002","Uttar Pradesh",2002,205.444444444444,168.411111111111,168198,0.262575757575758,11.16,56.27,0.516,4.17321479,0.46
"Uttar Pradesh_2003","Uttar Pradesh",2003,NA,NA,177054,0.262575757575758,11.16,56.27,0.516,2.94640881,0.46
"Uttar Pradesh_2004","Uttar Pradesh",2004,340.145010044422,278.810835809071,231029,0.262575757575758,11.16,56.27,0.516,2.94640881,0.46
"Uttar Pradesh_2005","Uttar Pradesh",2005,315.2478996004,258.399077320827,244514,0.262575757575758,11.16,56.27,0.516,2.94640881,0.46
"Uttar Pradesh_2006","Uttar Pradesh",2006,348,285.3,263935,0.262575757575758,11.16,56.27,0.516,2.94640881,0.46
"Uttar Pradesh_2007","Uttar Pradesh",2007,342,280.3,280851,0.262575757575758,27.04,56.27,0.516,2.94640881,0.46
"Uttar Pradesh_2008","Uttar Pradesh",2008,372,304.9,302192,0.262575757575758,27.04,56.27,0.516,2.720008709,0.46
"Uttar Pradesh_2009","Uttar Pradesh",2009,336,NA,320989,0.262575757575758,27.04,56.27,0.516,2.720008709,0.46
"Uttar Pradesh_2010","Uttar Pradesh",2010,244,200,346621,0.262575757575758,27.04,56.27,0.516,2.720008709,0.46
"Uttar Pradesh_2011","Uttar Pradesh",2011,NA,NA,645132,0.262575757575758,27.04,67.68,0.516,2.720008709,0.46
"Uttar Pradesh_2012","Uttar Pradesh",2012,397,NA,673552,0.262575757575758,35.73,67.68,0.551,2.720008709,0.46
"Uttar Pradesh_2013","Uttar Pradesh",2013,238,195.1,707469,0.262575757575758,35.73,67.68,0.551,1.622937714,0.46
"Uttar Pradesh_2014","Uttar Pradesh",2014,37,40.33,729686,0.262575757575758,35.73,67.68,0.551,1.622937714,0.46
"Uttar Pradesh_2015","Uttar Pradesh",2015,269,220.49,792049,0.262575757575758,35.73,67.68,0.551,1.622937714,0.363
"Uttar Pradesh_2016","Uttar Pradesh",2016,289.169354916225,0,888453,0.262575757575758,35.73,67.68,0.551,1.622937714,0.363
"Uttar Pradesh_2017","Uttar Pradesh",2017,460,NA,922458,0.262575757575758,65.75,67.68,0.551,1.622937714,0.363
"Uttar Pradesh_2018","Uttar Pradesh",2018,308.72547397376,0,949184,0.262575757575758,65.75,67.68,0.551,2.091955948,0.363
"Uttarakhand_2000","Uttarakhand",2000,204.419642857143,147.125,12582,0.293333333333333,NA,71.62,0.577,2.829099307,0.351
"Uttarakhand_2001","Uttarakhand",2001,215.541666666667,NA,13179,0.293333333333333,NA,71.62,0.577,2.829099307,0.351
"Uttarakhand_2002","Uttarakhand",2002,184,150.795,14413,0.293333333333333,24.28,71.62,0.577,2.829099307,0.351
"Uttarakhand_2003","Uttarakhand",2003,122.5,107.083333333333,15553,0.293333333333333,24.28,71.62,0.577,2.835616438,0.351
"Uttarakhand_2004","Uttarakhand",2004,176.291666666667,145.766071428572,22288,0.293333333333333,24.28,71.62,0.577,2.835616438,0.351
"Uttarakhand_2005","Uttarakhand",2005,190.7,164.060666666667,25448,0.293333333333333,24.28,71.62,0.577,2.835616438,0.351
"Uttarakhand_2006","Uttarakhand",2006,188.250694444444,154.699861111111,28514,0.293333333333333,24.28,71.62,0.577,2.835616438,0.351
"Uttarakhand_2007","Uttarakhand",2007,159.694935064935,136.716857142857,33498,0.293333333333333,18.84,71.62,0.577,2.835616438,0.351
"Uttarakhand_2008","Uttarakhand",2008,157.595502645503,132.21,37064,0.293333333333333,18.84,71.62,0.577,2.44510978,0.351
"Uttarakhand_2009","Uttarakhand",2009,144.271026570048,119.761783723523,43407,0.293333333333333,18.84,71.62,0.577,2.44510978,0.351
"Uttarakhand_2010","Uttarakhand",2010,146.344126984127,120.794,47967,0.293333333333333,18.84,71.62,0.577,2.44510978,0.351
"Uttarakhand_2011","Uttarakhand",2011,164.833653846154,141.281730769231,101960,0.293333333333333,18.84,78.82,0.577,2.44510978,0.351
"Uttarakhand_2012","Uttarakhand",2012,144.678846153846,126.367063492063,109528,0.293333333333333,1.42,78.82,0.52,2.44510978,0.351
"Uttarakhand_2013","Uttarakhand",2013,160.463888888889,123.976666666666,117778,0.293333333333333,1.42,78.82,0.52,1.452282158,0.351
"Uttarakhand_2014","Uttarakhand",2014,238.227678571429,195.268422619048,125702,0.293333333333333,1.42,78.82,0.52,1.452282158,0.351
"Uttarakhand_2015","Uttarakhand",2015,229.389523809524,188.025438095238,136144,0.293333333333333,1.42,78.82,0.52,1.452282158,0.254
"Uttarakhand_2016","Uttarakhand",2016,201.671986607143,NA,150303,0.293333333333333,1.42,78.82,0.52,1.452282158,0.254
"Uttarakhand_2017","Uttarakhand",2017,NA,NA,162205,0.293333333333333,65.71,78.82,0.52,1.452282158,0.254
"Uttarakhand_2018","Uttarakhand",2018,221.166666666667,0,166519,0.293333333333333,65.71,78.82,0.52,1.900698216,0.254
"West Bengal_2000","West Bengal",2000,229.067235142329,NA,129691,0.267857142857143,25.51,68.64,0.519,3.351011863,0.455
"West Bengal_2001","West Bengal",2001,207.978752375173,NA,139057,0.267857142857143,28.23,68.64,0.519,3.351011863,0.455
"West Bengal_2002","West Bengal",2002,229.859194928316,NA,143931,0.267857142857143,28.23,68.64,0.519,2.589920297,0.455
"West Bengal_2003","West Bengal",2003,NA,NA,152388,0.267857142857143,28.23,68.64,0.519,2.589920297,0.455
"West Bengal_2004","West Bengal",2004,207.201964268942,NA,190029,0.267857142857143,28.23,68.64,0.519,2.589920297,0.455
"West Bengal_2005","West Bengal",2005,205.502469214701,NA,201994,0.267857142857143,28.23,68.64,0.519,2.589920297,0.455
"West Bengal_2006","West Bengal",2006,186.209528609831,NA,217849,0.267857142857143,49.65,68.64,0.519,2.589920297,0.455
"West Bengal_2007","West Bengal",2007,214.472995872278,NA,234798,0.267857142857143,49.65,68.64,0.519,2.310505213,0.455
"West Bengal_2008","West Bengal",2008,173.9656,NA,244262,0.267857142857143,49.65,68.64,0.519,2.310505213,0.455
"West Bengal_2009","West Bengal",2009,192.421284046996,NA,263230,0.267857142857143,49.65,68.64,0.519,2.310505213,0.455
"West Bengal_2010","West Bengal",2010,194.467550423433,NA,279191,0.267857142857143,49.65,68.64,0.519,2.310505213,0.455
"West Bengal_2011","West Bengal",2011,156.386381412468,NA,473205,0.267857142857143,48.29,76.26,0.519,2.310505213,0.455
"West Bengal_2012","West Bengal",2012,110.543888403263,NA,492901,0.267857142857143,48.29,76.26,0.434,1.832591273,0.455
"West Bengal_2013","West Bengal",2013,265.231991629078,NA,503952,0.267857142857143,48.29,76.26,0.434,1.832591273,0.455
"West Bengal_2014","West Bengal",2014,NA,NA,515702,0.267857142857143,48.29,76.26,0.434,1.832591273,0.455
"West Bengal_2015","West Bengal",2015,290.125,237.8075,546988,0.267857142857143,48.29,76.26,0.434,1.832591273,0.312
"West Bengal_2016","West Bengal",2016,217.646571158227,NA,584911,0.267857142857143,56.8,76.26,0.434,1.832591273,0.312
"West Bengal_2017","West Bengal",2017,159.826397110706,162.21922789686,623787,0.267857142857143,56.8,76.26,0.434,1.662066277,0.312
"West Bengal_2018","West Bengal",2018,231.049711131603,190.63049687227,659288,0.267857142857143,56.8,76.26,0.434,1.662066277,0.312
